{
    "nb_rings": 2,
    "frozen_cells": [
        [
            2,
            4
        ],
        [
            1,
            2
        ],
        [
            2,
            1
        ],
        [
            2,
            7
        ],
        [
            1,
            5
        ],
        [
            2,
            10
        ],
        [
            2,
            2
        ],
        [
            1,
            0
        ],
        [
            2,
            5
        ],
        [
            1,
            3
        ],
        [
            2,
            11
        ],
        [
            2,
            8
        ],
        [
            0,
            0
        ],
        [
            1,
            1
        ],
        [
            2,
            0
        ],
        [
            1,
            4
        ],
        [
            2,
            3
        ],
        [
            2,
            9
        ],
        [
            2,
            6
        ]
    ],
    "non_frozen_cells": [],
    "dict_cells": {
        "(0, 0)": {
            "id": [
                0,
                0
            ],
            "neighbors": [
                [
                    1,
                    2
                ],
                [
                    1,
                    5
                ],
                [
                    1,
                    1
                ],
                [
                    1,
                    4
                ],
                [
                    1,
                    0
                ],
                [
                    1,
                    3
                ]
            ],
            "vapor": 5.6052997686735155,
            "temperature": -8.978045247281582,
            "ice_potential": 2.8772061765574155,
            "state": 1
        },
        "(2, 0)": {
            "id": [
                2,
                0
            ],
            "neighbors": [
                [
                    1,
                    0
                ],
                [
                    2,
                    11
                ],
                [
                    2,
                    1
                ]
            ],
            "vapor": 8.295157159153929,
            "temperature": -13.752498578114052,
            "ice_potential": 5.295179694300076,
            "state": 1
        },
        "(2, 2)": {
            "id": [
                2,
                2
            ],
            "neighbors": [
                [
                    2,
                    3
                ],
                [
                    1,
                    1
                ],
                [
                    2,
                    1
                ]
            ],
            "vapor": 5.969424385449432,
            "temperature": -2.8758346079832577,
            "ice_potential": 8.780163778419581,
            "state": 1
        },
        "(2, 4)": {
            "id": [
                2,
                4
            ],
            "neighbors": [
                [
                    2,
                    3
                ],
                [
                    1,
                    2
                ],
                [
                    2,
                    5
                ]
            ],
            "vapor": 2.481689848572615,
            "temperature": -10.983035851608463,
            "ice_potential": 4.3947138259537075,
            "state": 1
        },
        "(2, 6)": {
            "id": [
                2,
                6
            ],
            "neighbors": [
                [
                    2,
                    5
                ],
                [
                    1,
                    3
                ],
                [
                    2,
                    7
                ]
            ],
            "vapor": 6.404474205238368,
            "temperature": -14.938196547657686,
            "ice_potential": 3.4341170538951085,
            "state": 1
        },
        "(2, 8)": {
            "id": [
                2,
                8
            ],
            "neighbors": [
                [
                    2,
                    9
                ],
                [
                    1,
                    4
                ],
                [
                    2,
                    7
                ]
            ],
            "vapor": 7.763617007698508,
            "temperature": -12.013235728083533,
            "ice_potential": 3.9774684886954943,
            "state": 1
        },
        "(2, 10)": {
            "id": [
                2,
                10
            ],
            "neighbors": [
                [
                    2,
                    9
                ],
                [
                    2,
                    11
                ],
                [
                    1,
                    5
                ]
            ],
            "vapor": 7.206040560224575,
            "temperature": -4.709884543484011,
            "ice_potential": 1.103591425685373,
            "state": 1
        },
        "(2, 1)": {
            "id": [
                2,
                1
            ],
            "neighbors": [
                [
                    1,
                    0
                ],
                [
                    1,
                    1
                ],
                [
                    2,
                    0
                ],
                [
                    2,
                    2
                ]
            ],
            "vapor": 1.9764098167030182,
            "temperature": -14.995687935355058,
            "ice_potential": 2.2265554614271155,
            "state": 1
        },
        "(2, 3)": {
            "id": [
                2,
                3
            ],
            "neighbors": [
                [
                    1,
                    1
                ],
                [
                    1,
                    2
                ],
                [
                    2,
                    4
                ],
                [
                    2,
                    2
                ]
            ],
            "vapor": 7.656588036228203,
            "temperature": -3.6892119996696415,
            "ice_potential": 8.147812012322266,
            "state": 1
        },
        "(2, 5)": {
            "id": [
                2,
                5
            ],
            "neighbors": [
                [
                    2,
                    4
                ],
                [
                    1,
                    2
                ],
                [
                    1,
                    3
                ],
                [
                    2,
                    6
                ]
            ],
            "vapor": 7.959443153269709,
            "temperature": -2.865115073406911,
            "ice_potential": 4.4327044737287125,
            "state": 1
        },
        "(2, 7)": {
            "id": [
                2,
                7
            ],
            "neighbors": [
                [
                    2,
                    6
                ],
                [
                    1,
                    3
                ],
                [
                    1,
                    4
                ],
                [
                    2,
                    8
                ]
            ],
            "vapor": 5.401181533141701,
            "temperature": -18.38826300565114,
            "ice_potential": 3.9431042704853607,
            "state": 1
        },
        "(2, 9)": {
            "id": [
                2,
                9
            ],